,image_path,race
0,./Crop_img/n02090721_2299.jpg,n02090721-Irish_wolfhound
1,./Crop_img/n02090721_5880.jpg,n02090721-Irish_wolfhound
2,./Crop_img/n02090721_552.jpg,n02090721-Irish_wolfhound
3,./Crop_img/n02090721_756.jpg,n02090721-Irish_wolfhound
4,./Crop_img/n02090721_1085.jpg,n02090721-Irish_wolfhound
5,./Crop_img/n02090721_1819.jpg,n02090721-Irish_wolfhound
6,./Crop_img/n02090721_968.jpg,n02090721-Irish_wolfhound
7,./Crop_img/n02090721_4133.jpg,n02090721-Irish_wolfhound
8,./Crop_img/n02090721_957.jpg,n02090721-Irish_wolfhound
9,./Crop_img/n02090721_2461.jpg,n02090721-Irish_wolfhound
10,./Crop_img/n02090721_537.jpg,n02090721-Irish_wolfhound
11,./Crop_img/n02090721_2068.jpg,n02090721-Irish_wolfhound
12,./Crop_img/n02090721_768.jpg,n02090721-Irish_wolfhound
13,./Crop_img/n02090721_3149.jpg,n02090721-Irish_wolfhound
14,./Crop_img/n02090721_4353.jpg,n02090721-Irish_wolfhound
15,./Crop_img/n02090721_1041.jpg,n02090721-Irish_wolfhound
16,./Crop_img/n02090721_2254.jpg,n02090721-Irish_wolfhound
17,./Crop_img/n02090721_5049.jpg,n02090721-Irish_wolfhound
18,./Crop_img/n02090721_1845.jpg,n02090721-Irish_wolfhound
19,./Crop_img/n02090721_4362.jpg,n02090721-Irish_wolfhound
20,./Crop_img/n02090721_6051.jpg,n02090721-Irish_wolfhound
21,./Crop_img/n02090721_1644.jpg,n02090721-Irish_wolfhound
22,./Crop_img/n02090721_2836.jpg,n02090721-Irish_wolfhound
23,./Crop_img/n02090721_4309.jpg,n02090721-Irish_wolfhound
24,./Crop_img/n02090721_1688.jpg,n02090721-Irish_wolfhound
25,./Crop_img/n02090721_3787.jpg,n02090721-Irish_wolfhound
26,./Crop_img/n02090721_969.jpg,n02090721-Irish_wolfhound
27,./Crop_img/n02090721_3773.jpg,n02090721-Irish_wolfhound
28,./Crop_img/n02090721_2800.jpg,n02090721-Irish_wolfhound
29,./Crop_img/n02090721_649.jpg,n02090721-Irish_wolfhound
30,./Crop_img/n02090721_2319.jpg,n02090721-Irish_wolfhound
31,./Crop_img/n02090721_1105.jpg,n02090721-Irish_wolfhound
32,./Crop_img/n02090721_870.jpg,n02090721-Irish_wolfhound
33,./Crop_img/n02090721_2945.jpg,n02090721-Irish_wolfhound
34,./Crop_img/n02090721_2179.jpg,n02090721-Irish_wolfhound
35,./Crop_img/n02090721_1534.jpg,n02090721-Irish_wolfhound
36,./Crop_img/n02090721_1706.jpg,n02090721-Irish_wolfhound
37,./Crop_img/n02090721_825.jpg,n02090721-Irish_wolfhound
38,./Crop_img/n02090721_1954.jpg,n02090721-Irish_wolfhound
39,./Crop_img/n02090721_2170.jpg,n02090721-Irish_wolfhound
40,./Crop_img/n02090721_2540.jpg,n02090721-Irish_wolfhound
41,./Crop_img/n02090721_4015.jpg,n02090721-Irish_wolfhound
42,./Crop_img/n02090721_1907.jpg,n02090721-Irish_wolfhound
43,./Crop_img/n02090721_1931.jpg,n02090721-Irish_wolfhound
44,./Crop_img/n02090721_3034.jpg,n02090721-Irish_wolfhound
45,./Crop_img/n02090721_847.jpg,n02090721-Irish_wolfhound
46,./Crop_img/n02090721_2934.jpg,n02090721-Irish_wolfhound
47,./Crop_img/n02090721_4006.jpg,n02090721-Irish_wolfhound
48,./Crop_img/n02090721_2305.jpg,n02090721-Irish_wolfhound
49,./Crop_img/n02090721_2101.jpg,n02090721-Irish_wolfhound
50,./Crop_img/n02090721_296.jpg,n02090721-Irish_wolfhound
51,./Crop_img/n02090721_2536.jpg,n02090721-Irish_wolfhound
52,./Crop_img/n02090721_209.jpg,n02090721-Irish_wolfhound
53,./Crop_img/n02090721_3417.jpg,n02090721-Irish_wolfhound
54,./Crop_img/n02090721_2351.jpg,n02090721-Irish_wolfhound
55,./Crop_img/n02090721_5722.jpg,n02090721-Irish_wolfhound
56,./Crop_img/n02090721_1349.jpg,n02090721-Irish_wolfhound
57,./Crop_img/n02090721_1527.jpg,n02090721-Irish_wolfhound
58,./Crop_img/n02090721_2967.jpg,n02090721-Irish_wolfhound
59,./Crop_img/n02090721_607.jpg,n02090721-Irish_wolfhound
60,./Crop_img/n02090721_1782.jpg,n02090721-Irish_wolfhound
61,./Crop_img/n02090721_5914.jpg,n02090721-Irish_wolfhound
62,./Crop_img/n02090721_4203.jpg,n02090721-Irish_wolfhound
63,./Crop_img/n02090721_1127.jpg,n02090721-Irish_wolfhound
64,./Crop_img/n02090721_2552.jpg,n02090721-Irish_wolfhound
65,./Crop_img/n02090721_2131.jpg,n02090721-Irish_wolfhound
66,./Crop_img/n02090721_5172.jpg,n02090721-Irish_wolfhound
67,./Crop_img/n02090721_1979.jpg,n02090721-Irish_wolfhound
68,./Crop_img/n02090721_2702.jpg,n02090721-Irish_wolfhound
69,./Crop_img/n02090721_2366.jpg,n02090721-Irish_wolfhound
70,./Crop_img/n02090721_654.jpg,n02090721-Irish_wolfhound
71,./Crop_img/n02090721_5518.jpg,n02090721-Irish_wolfhound
72,./Crop_img/n02090721_2361.jpg,n02090721-Irish_wolfhound
73,./Crop_img/n02090721_2021.jpg,n02090721-Irish_wolfhound
74,./Crop_img/n02090721_1650.jpg,n02090721-Irish_wolfhound
75,./Crop_img/n02090721_1234.jpg,n02090721-Irish_wolfhound
76,./Crop_img/n02090721_3564.jpg,n02090721-Irish_wolfhound
77,./Crop_img/n02090721_342.jpg,n02090721-Irish_wolfhound
78,./Crop_img/n02090721_2442.jpg,n02090721-Irish_wolfhound
79,./Crop_img/n02090721_3109.jpg,n02090721-Irish_wolfhound
80,./Crop_img/n02090721_3136.jpg,n02090721-Irish_wolfhound
81,./Crop_img/n02090721_6212.jpg,n02090721-Irish_wolfhound
82,./Crop_img/n02090721_2474.jpg,n02090721-Irish_wolfhound
83,./Crop_img/n02090721_728.jpg,n02090721-Irish_wolfhound
84,./Crop_img/n02090721_3555.jpg,n02090721-Irish_wolfhound
85,./Crop_img/n02090721_7155.jpg,n02090721-Irish_wolfhound
86,./Crop_img/n02090721_327.jpg,n02090721-Irish_wolfhound
87,./Crop_img/n02090721_6279.jpg,n02090721-Irish_wolfhound
88,./Crop_img/n02090721_1856.jpg,n02090721-Irish_wolfhound
89,./Crop_img/n02090721_4188.jpg,n02090721-Irish_wolfhound
90,./Crop_img/n02090721_4376.jpg,n02090721-Irish_wolfhound
91,./Crop_img/n02090721_311.jpg,n02090721-Irish_wolfhound
92,./Crop_img/n02090721_4349.jpg,n02090721-Irish_wolfhound
93,./Crop_img/n02090721_943.jpg,n02090721-Irish_wolfhound
94,./Crop_img/n02090721_3302.jpg,n02090721-Irish_wolfhound
95,./Crop_img/n02090721_5465.jpg,n02090721-Irish_wolfhound
96,./Crop_img/n02090721_1835.jpg,n02090721-Irish_wolfhound
97,./Crop_img/n02090721_1452.jpg,n02090721-Irish_wolfhound
98,./Crop_img/n02090721_3761.jpg,n02090721-Irish_wolfhound
99,./Crop_img/n02090721_4129.jpg,n02090721-Irish_wolfhound
100,./Crop_img/n02090721_1235.jpg,n02090721-Irish_wolfhound
101,./Crop_img/n02090721_1292.jpg,n02090721-Irish_wolfhound
102,./Crop_img/n02090721_1895.jpg,n02090721-Irish_wolfhound
103,./Crop_img/n02090721_1861.jpg,n02090721-Irish_wolfhound
104,./Crop_img/n02090721_3500.jpg,n02090721-Irish_wolfhound
105,./Crop_img/n02090721_4341.jpg,n02090721-Irish_wolfhound
106,./Crop_img/n02090721_2270.jpg,n02090721-Irish_wolfhound
107,./Crop_img/n02090721_1268.jpg,n02090721-Irish_wolfhound
108,./Crop_img/n02090721_3120.jpg,n02090721-Irish_wolfhound
109,./Crop_img/n02090721_1026.jpg,n02090721-Irish_wolfhound
110,./Crop_img/n02090721_3771.jpg,n02090721-Irish_wolfhound
111,./Crop_img/n02090721_4130.jpg,n02090721-Irish_wolfhound
112,./Crop_img/n02090721_4302.jpg,n02090721-Irish_wolfhound
113,./Crop_img/n02090721_954.jpg,n02090721-Irish_wolfhound
114,./Crop_img/n02090721_1222.jpg,n02090721-Irish_wolfhound
115,./Crop_img/n02090721_6007.jpg,n02090721-Irish_wolfhound
116,./Crop_img/n02090721_195.jpg,n02090721-Irish_wolfhound
117,./Crop_img/n02090721_708.jpg,n02090721-Irish_wolfhound
118,./Crop_img/n02090721_6232.jpg,n02090721-Irish_wolfhound
119,./Crop_img/n02090721_4333.jpg,n02090721-Irish_wolfhound
120,./Crop_img/n02090721_3129.jpg,n02090721-Irish_wolfhound
121,./Crop_img/n02090721_764.jpg,n02090721-Irish_wolfhound
122,./Crop_img/n02090721_936.jpg,n02090721-Irish_wolfhound
123,./Crop_img/n02090721_2860.jpg,n02090721-Irish_wolfhound
124,./Crop_img/n02090721_6437.jpg,n02090721-Irish_wolfhound
125,./Crop_img/n02090721_2267.jpg,n02090721-Irish_wolfhound
126,./Crop_img/n02090721_309.jpg,n02090721-Irish_wolfhound
127,./Crop_img/n02090721_731.jpg,n02090721-Irish_wolfhound
128,./Crop_img/n02090721_503.jpg,n02090721-Irish_wolfhound
129,./Crop_img/n02090721_6650.jpg,n02090721-Irish_wolfhound
130,./Crop_img/n02090721_1475.jpg,n02090721-Irish_wolfhound
131,./Crop_img/n02090721_6453.jpg,n02090721-Irish_wolfhound
132,./Crop_img/n02090721_4304.jpg,n02090721-Irish_wolfhound
133,./Crop_img/n02090721_363.jpg,n02090721-Irish_wolfhound
134,./Crop_img/n02090721_2651.jpg,n02090721-Irish_wolfhound
135,./Crop_img/n02090721_2235.jpg,n02090721-Irish_wolfhound
136,./Crop_img/n02090721_1417.jpg,n02090721-Irish_wolfhound
137,./Crop_img/n02090721_550.jpg,n02090721-Irish_wolfhound
138,./Crop_img/n02090721_3940.jpg,n02090721-Irish_wolfhound
139,./Crop_img/n02090721_3527.jpg,n02090721-Irish_wolfhound
140,./Crop_img/n02090721_3667.jpg,n02090721-Irish_wolfhound
141,./Crop_img/n02090721_1761.jpg,n02090721-Irish_wolfhound
142,./Crop_img/n02090721_626.jpg,n02090721-Irish_wolfhound
143,./Crop_img/n02090721_873.jpg,n02090721-Irish_wolfhound
144,./Crop_img/n02090721_2347.jpg,n02090721-Irish_wolfhound
145,./Crop_img/n02090721_4276.jpg,n02090721-Irish_wolfhound
146,./Crop_img/n02090721_2340.jpg,n02090721-Irish_wolfhound
147,./Crop_img/n02090721_220.jpg,n02090721-Irish_wolfhound
148,./Crop_img/n02090721_4849.jpg,n02090721-Irish_wolfhound
149,./Crop_img/n02090721_3866.jpg,n02090721-Irish_wolfhound
150,./Crop_img/n02090721_2143.jpg,n02090721-Irish_wolfhound
151,./Crop_img/n02090721_471.jpg,n02090721-Irish_wolfhound
152,./Crop_img/n02090721_5759.jpg,n02090721-Irish_wolfhound
153,./Crop_img/n02090721_1303.jpg,n02090721-Irish_wolfhound
154,./Crop_img/n02090721_272.jpg,n02090721-Irish_wolfhound
155,./Crop_img/n02090721_1131.jpg,n02090721-Irish_wolfhound
156,./Crop_img/n02090721_2116.jpg,n02090721-Irish_wolfhound
157,./Crop_img/n02090721_4073.jpg,n02090721-Irish_wolfhound
158,./Crop_img/n02090721_448.jpg,n02090721-Irish_wolfhound
159,./Crop_img/n02090721_5536.jpg,n02090721-Irish_wolfhound
160,./Crop_img/n02090721_4089.jpg,n02090721-Irish_wolfhound
161,./Crop_img/n02090721_2725.jpg,n02090721-Irish_wolfhound
162,./Crop_img/n02090721_6715.jpg,n02090721-Irish_wolfhound
163,./Crop_img/n02090721_5197.jpg,n02090721-Irish_wolfhound
164,./Crop_img/n02090721_464.jpg,n02090721-Irish_wolfhound
165,./Crop_img/n02090721_5373.jpg,n02090721-Irish_wolfhound
166,./Crop_img/n02090721_1981.jpg,n02090721-Irish_wolfhound
167,./Crop_img/n02090721_2731.jpg,n02090721-Irish_wolfhound
168,./Crop_img/n02090721_4290.jpg,n02090721-Irish_wolfhound
169,./Crop_img/n02090721_2964.jpg,n02090721-Irish_wolfhound
170,./Crop_img/n02090721_452.jpg,n02090721-Irish_wolfhound
171,./Crop_img/n02090721_3811.jpg,n02090721-Irish_wolfhound
172,./Crop_img/n02090721_2550.jpg,n02090721-Irish_wolfhound
173,./Crop_img/n02090721_892.jpg,n02090721-Irish_wolfhound
174,./Crop_img/n02090721_1742.jpg,n02090721-Irish_wolfhound
175,./Crop_img/n02090721_1774.jpg,n02090721-Irish_wolfhound
176,./Crop_img/n02090721_868.jpg,n02090721-Irish_wolfhound
177,./Crop_img/n02090721_6999.jpg,n02090721-Irish_wolfhound
178,./Crop_img/n02090721_4433.jpg,n02090721-Irish_wolfhound
179,./Crop_img/n02090721_1728.jpg,n02090721-Irish_wolfhound
180,./Crop_img/n02090721_4095.jpg,n02090721-Irish_wolfhound
181,./Crop_img/n02090721_5716.jpg,n02090721-Irish_wolfhound
182,./Crop_img/n02090721_4092.jpg,n02090721-Irish_wolfhound
183,./Crop_img/n02090721_465.jpg,n02090721-Irish_wolfhound
184,./Crop_img/n02090721_1540.jpg,n02090721-Irish_wolfhound
185,./Crop_img/n02090721_4032.jpg,n02090721-Irish_wolfhound
186,./Crop_img/n02090721_4200.jpg,n02090721-Irish_wolfhound
187,./Crop_img/n02090721_1918.jpg,n02090721-Irish_wolfhound
188,./Crop_img/n02090721_1920.jpg,n02090721-Irish_wolfhound
189,./Crop_img/n02090721_4207.jpg,n02090721-Irish_wolfhound
190,./Crop_img/n02090721_6762.jpg,n02090721-Irish_wolfhound
191,./Crop_img/n02090721_3470.jpg,n02090721-Irish_wolfhound
192,./Crop_img/n02090721_6337.jpg,n02090721-Irish_wolfhound
193,./Crop_img/n02090721_1636.jpg,n02090721-Irish_wolfhound
194,./Crop_img/n02090721_2047.jpg,n02090721-Irish_wolfhound
195,./Crop_img/n02090721_3398.jpg,n02090721-Irish_wolfhound
196,./Crop_img/n02090721_6617.jpg,n02090721-Irish_wolfhound
197,./Crop_img/n02090721_771.jpg,n02090721-Irish_wolfhound
198,./Crop_img/n02090721_3900.jpg,n02090721-Irish_wolfhound
199,./Crop_img/n02090721_984.jpg,n02090721-Irish_wolfhound
200,./Crop_img/n02090721_1002.jpg,n02090721-Irish_wolfhound
201,./Crop_img/n02090721_4326.jpg,n02090721-Irish_wolfhound
202,./Crop_img/n02090721_1653.jpg,n02090721-Irish_wolfhound
203,./Crop_img/n02090721_519.jpg,n02090721-Irish_wolfhound
204,./Crop_img/n02090721_348.jpg,n02090721-Irish_wolfhound
205,./Crop_img/n02090721_521.jpg,n02090721-Irish_wolfhound
206,./Crop_img/n02090721_3763.jpg,n02090721-Irish_wolfhound
207,./Crop_img/n02090721_1696.jpg,n02090721-Irish_wolfhound
208,./Crop_img/n02090721_2083.jpg,n02090721-Irish_wolfhound
209,./Crop_img/n02090721_3999.jpg,n02090721-Irish_wolfhound
210,./Crop_img/n02090721_1865.jpg,n02090721-Irish_wolfhound
211,./Crop_img/n02090721_1862.jpg,n02090721-Irish_wolfhound
212,./Crop_img/n02090721_7104.jpg,n02090721-Irish_wolfhound
213,./Crop_img/n02090721_940.jpg,n02090721-Irish_wolfhound
214,./Crop_img/n02090721_1690.jpg,n02090721-Irish_wolfhound
215,./Crop_img/n02090721_175.jpg,n02090721-Irish_wolfhound
216,./Crop_img/n02090721_6219.jpg,n02090721-Irish_wolfhound
217,./Crop_img/n02090721_1003.jpg,n02090721-Irish_wolfhound
218,./Crop_img/n02088094_1917.jpg,n02088094-Afghan_hound
219,./Crop_img/n02088094_5927.jpg,n02088094-Afghan_hound
220,./Crop_img/n02088094_4230.jpg,n02088094-Afghan_hound
221,./Crop_img/n02088094_522.jpg,n02088094-Afghan_hound
222,./Crop_img/n02088094_2559.jpg,n02088094-Afghan_hound
223,./Crop_img/n02088094_8063.jpg,n02088094-Afghan_hound
224,./Crop_img/n02088094_342.jpg,n02088094-Afghan_hound
225,./Crop_img/n02088094_2798.jpg,n02088094-Afghan_hound
226,./Crop_img/n02088094_4837.jpg,n02088094-Afghan_hound
227,./Crop_img/n02088094_980.jpg,n02088094-Afghan_hound
228,./Crop_img/n02088094_4450.jpg,n02088094-Afghan_hound
229,./Crop_img/n02088094_2738.jpg,n02088094-Afghan_hound
230,./Crop_img/n02088094_2700.jpg,n02088094-Afghan_hound
231,./Crop_img/n02088094_5345.jpg,n02088094-Afghan_hound
232,./Crop_img/n02088094_8465.jpg,n02088094-Afghan_hound
233,./Crop_img/n02088094_4290.jpg,n02088094-Afghan_hound
234,./Crop_img/n02088094_115.jpg,n02088094-Afghan_hound
235,./Crop_img/n02088094_185.jpg,n02088094-Afghan_hound
236,./Crop_img/n02088094_515.jpg,n02088094-Afghan_hound
237,./Crop_img/n02088094_986.jpg,n02088094-Afghan_hound
238,./Crop_img/n02088094_5326.jpg,n02088094-Afghan_hound
239,./Crop_img/n02088094_7229.jpg,n02088094-Afghan_hound
240,./Crop_img/n02088094_988.jpg,n02088094-Afghan_hound
241,./Crop_img/n02088094_4467.jpg,n02088094-Afghan_hound
242,./Crop_img/n02088094_3629.jpg,n02088094-Afghan_hound
243,./Crop_img/n02088094_4434.jpg,n02088094-Afghan_hound
244,./Crop_img/n02088094_12664.jpg,n02088094-Afghan_hound
245,./Crop_img/n02088094_13742.jpg,n02088094-Afghan_hound
246,./Crop_img/n02088094_5381.jpg,n02088094-Afghan_hound
247,./Crop_img/n02088094_3620.jpg,n02088094-Afghan_hound
248,./Crop_img/n02088094_4583.jpg,n02088094-Afghan_hound
249,./Crop_img/n02088094_1459.jpg,n02088094-Afghan_hound
250,./Crop_img/n02088094_3593.jpg,n02088094-Afghan_hound
251,./Crop_img/n02088094_6485.jpg,n02088094-Afghan_hound
252,./Crop_img/n02088094_4114.jpg,n02088094-Afghan_hound
253,./Crop_img/n02088094_4310.jpg,n02088094-Afghan_hound
254,./Crop_img/n02088094_5265.jpg,n02088094-Afghan_hound
255,./Crop_img/n02088094_3159.jpg,n02088094-Afghan_hound
256,./Crop_img/n02088094_231.jpg,n02088094-Afghan_hound
257,./Crop_img/n02088094_3396.jpg,n02088094-Afghan_hound
258,./Crop_img/n02088094_12945.jpg,n02088094-Afghan_hound
259,./Crop_img/n02088094_890.jpg,n02088094-Afghan_hound
260,./Crop_img/n02088094_3937.jpg,n02088094-Afghan_hound
261,./Crop_img/n02088094_1003.jpg,n02088094-Afghan_hound
262,./Crop_img/n02088094_11953.jpg,n02088094-Afghan_hound
263,./Crop_img/n02088094_899.jpg,n02088094-Afghan_hound
264,./Crop_img/n02088094_2626.jpg,n02088094-Afghan_hound
265,./Crop_img/n02088094_8315.jpg,n02088094-Afghan_hound
266,./Crop_img/n02088094_1254.jpg,n02088094-Afghan_hound
267,./Crop_img/n02088094_5855.jpg,n02088094-Afghan_hound
268,./Crop_img/n02088094_9229.jpg,n02088094-Afghan_hound
269,./Crop_img/n02088094_10832.jpg,n02088094-Afghan_hound
270,./Crop_img/n02088094_5080.jpg,n02088094-Afghan_hound
271,./Crop_img/n02088094_472.jpg,n02088094-Afghan_hound
272,./Crop_img/n02088094_13011.jpg,n02088094-Afghan_hound
273,./Crop_img/n02088094_6430.jpg,n02088094-Afghan_hound
274,./Crop_img/n02088094_1882.jpg,n02088094-Afghan_hound
275,./Crop_img/n02088094_649.jpg,n02088094-Afghan_hound
276,./Crop_img/n02088094_9220.jpg,n02088094-Afghan_hound
277,./Crop_img/n02088094_3588.jpg,n02088094-Afghan_hound
278,./Crop_img/n02088094_4759.jpg,n02088094-Afghan_hound
279,./Crop_img/n02088094_3749.jpg,n02088094-Afghan_hound
280,./Crop_img/n02088094_11172.jpg,n02088094-Afghan_hound
281,./Crop_img/n02088094_4598.jpg,n02088094-Afghan_hound
282,./Crop_img/n02088094_5812.jpg,n02088094-Afghan_hound
283,./Crop_img/n02088094_4768.jpg,n02088094-Afghan_hound
284,./Crop_img/n02088094_5488.jpg,n02088094-Afghan_hound
285,./Crop_img/n02088094_13879.jpg,n02088094-Afghan_hound
286,./Crop_img/n02088094_1222.jpg,n02088094-Afghan_hound
287,./Crop_img/n02088094_13270.jpg,n02088094-Afghan_hound
288,./Crop_img/n02088094_12563.jpg,n02088094-Afghan_hound
289,./Crop_img/n02088094_2292.jpg,n02088094-Afghan_hound
290,./Crop_img/n02088094_5285.jpg,n02088094-Afghan_hound
291,./Crop_img/n02088094_4501.jpg,n02088094-Afghan_hound
292,./Crop_img/n02088094_13442.jpg,n02088094-Afghan_hound
293,./Crop_img/n02088094_8764.jpg,n02088094-Afghan_hound
294,./Crop_img/n02088094_3982.jpg,n02088094-Afghan_hound
295,./Crop_img/n02088094_3949.jpg,n02088094-Afghan_hound
296,./Crop_img/n02088094_1410.jpg,n02088094-Afghan_hound
297,./Crop_img/n02088094_1841.jpg,n02088094-Afghan_hound
298,./Crop_img/n02088094_1270.jpg,n02088094-Afghan_hound
299,./Crop_img/n02088094_2062.jpg,n02088094-Afghan_hound
300,./Crop_img/n02088094_1475.jpg,n02088094-Afghan_hound
301,./Crop_img/n02088094_8362.jpg,n02088094-Afghan_hound
302,./Crop_img/n02088094_1823.jpg,n02088094-Afghan_hound
303,./Crop_img/n02088094_3119.jpg,n02088094-Afghan_hound
304,./Crop_img/n02088094_2803.jpg,n02088094-Afghan_hound
305,./Crop_img/n02088094_11006.jpg,n02088094-Afghan_hound
306,./Crop_img/n02088094_7894.jpg,n02088094-Afghan_hound
307,./Crop_img/n02088094_3850.jpg,n02088094-Afghan_hound
308,./Crop_img/n02088094_4420.jpg,n02088094-Afghan_hound
309,./Crop_img/n02088094_4072.jpg,n02088094-Afghan_hound
310,./Crop_img/n02088094_7260.jpg,n02088094-Afghan_hound
311,./Crop_img/n02088094_357.jpg,n02088094-Afghan_hound
312,./Crop_img/n02088094_2545.jpg,n02088094-Afghan_hound
313,./Crop_img/n02088094_537.jpg,n02088094-Afghan_hound
314,./Crop_img/n02088094_392.jpg,n02088094-Afghan_hound
315,./Crop_img/n02088094_305.jpg,n02088094-Afghan_hound
316,./Crop_img/n02088094_4870.jpg,n02088094-Afghan_hound
317,./Crop_img/n02088094_3400.jpg,n02088094-Afghan_hound
318,./Crop_img/n02088094_1357.jpg,n02088094-Afghan_hound
319,./Crop_img/n02088094_3858.jpg,n02088094-Afghan_hound
320,./Crop_img/n02088094_3856.jpg,n02088094-Afghan_hound
321,./Crop_img/n02088094_4426.jpg,n02088094-Afghan_hound
322,./Crop_img/n02088094_2173.jpg,n02088094-Afghan_hound
323,./Crop_img/n02088094_3233.jpg,n02088094-Afghan_hound
324,./Crop_img/n02088094_10982.jpg,n02088094-Afghan_hound
325,./Crop_img/n02088094_1335.jpg,n02088094-Afghan_hound
326,./Crop_img/n02088094_4678.jpg,n02088094-Afghan_hound
327,./Crop_img/n02088094_4027.jpg,n02088094-Afghan_hound
328,./Crop_img/n02088094_732.jpg,n02088094-Afghan_hound
329,./Crop_img/n02088094_12879.jpg,n02088094-Afghan_hound
330,./Crop_img/n02088094_1932.jpg,n02088094-Afghan_hound
331,./Crop_img/n02088094_10715.jpg,n02088094-Afghan_hound
332,./Crop_img/n02088094_1186.jpg,n02088094-Afghan_hound
333,./Crop_img/n02088094_1724.jpg,n02088094-Afghan_hound
334,./Crop_img/n02088094_4635.jpg,n02088094-Afghan_hound
335,./Crop_img/n02088094_5521.jpg,n02088094-Afghan_hound
336,./Crop_img/n02088094_3080.jpg,n02088094-Afghan_hound
337,./Crop_img/n02088094_5517.jpg,n02088094-Afghan_hound
338,./Crop_img/n02088094_2732.jpg,n02088094-Afghan_hound
339,./Crop_img/n02088094_3613.jpg,n02088094-Afghan_hound
340,./Crop_img/n02088094_713.jpg,n02088094-Afghan_hound
341,./Crop_img/n02088094_8290.jpg,n02088094-Afghan_hound
342,./Crop_img/n02088094_7683.jpg,n02088094-Afghan_hound
343,./Crop_img/n02088094_12867.jpg,n02088094-Afghan_hound
344,./Crop_img/n02088094_1128.jpg,n02088094-Afghan_hound
345,./Crop_img/n02088094_13145.jpg,n02088094-Afghan_hound
346,./Crop_img/n02088094_8631.jpg,n02088094-Afghan_hound
347,./Crop_img/n02088094_4037.jpg,n02088094-Afghan_hound
348,./Crop_img/n02088094_173.jpg,n02088094-Afghan_hound
349,./Crop_img/n02088094_1126.jpg,n02088094-Afghan_hound
350,./Crop_img/n02088094_1145.jpg,n02088094-Afghan_hound
351,./Crop_img/n02088094_913.jpg,n02088094-Afghan_hound
352,./Crop_img/n02088094_93.jpg,n02088094-Afghan_hound
353,./Crop_img/n02088094_1370.jpg,n02088094-Afghan_hound
354,./Crop_img/n02088094_60.jpg,n02088094-Afghan_hound
355,./Crop_img/n02088094_3075.jpg,n02088094-Afghan_hound
356,./Crop_img/n02088094_4406.jpg,n02088094-Afghan_hound
357,./Crop_img/n02088094_9523.jpg,n02088094-Afghan_hound
358,./Crop_img/n02088094_1924.jpg,n02088094-Afghan_hound
359,./Crop_img/n02088094_2131.jpg,n02088094-Afghan_hound
360,./Crop_img/n02088094_3641.jpg,n02088094-Afghan_hound
361,./Crop_img/n02088094_4464.jpg,n02088094-Afghan_hound
362,./Crop_img/n02088094_4497.jpg,n02088094-Afghan_hound
363,./Crop_img/n02088094_4511.jpg,n02088094-Afghan_hound
364,./Crop_img/n02088094_6241.jpg,n02088094-Afghan_hound
365,./Crop_img/n02088094_4143.jpg,n02088094-Afghan_hound
366,./Crop_img/n02088094_266.jpg,n02088094-Afghan_hound
367,./Crop_img/n02088094_3564.jpg,n02088094-Afghan_hound
368,./Crop_img/n02088094_2822.jpg,n02088094-Afghan_hound
369,./Crop_img/n02088094_1234.jpg,n02088094-Afghan_hound
370,./Crop_img/n02088094_4314.jpg,n02088094-Afghan_hound
371,./Crop_img/n02088094_2641.jpg,n02088094-Afghan_hound
372,./Crop_img/n02088094_3793.jpg,n02088094-Afghan_hound
373,./Crop_img/n02088094_7106.jpg,n02088094-Afghan_hound
374,./Crop_img/n02088094_1661.jpg,n02088094-Afghan_hound
375,./Crop_img/n02088094_1430.jpg,n02088094-Afghan_hound
376,./Crop_img/n02088094_3531.jpg,n02088094-Afghan_hound
377,./Crop_img/n02088094_10822.jpg,n02088094-Afghan_hound
378,./Crop_img/n02088094_1259.jpg,n02088094-Afghan_hound
379,./Crop_img/n02088094_4521.jpg,n02088094-Afghan_hound
380,./Crop_img/n02088094_4517.jpg,n02088094-Afghan_hound
381,./Crop_img/n02088094_3500.jpg,n02088094-Afghan_hound
382,./Crop_img/n02088094_1406.jpg,n02088094-Afghan_hound
383,./Crop_img/n02088094_2879.jpg,n02088094-Afghan_hound
384,./Crop_img/n02088094_5436.jpg,n02088094-Afghan_hound
385,./Crop_img/n02088094_251.jpg,n02088094-Afghan_hound
386,./Crop_img/n02088094_294.jpg,n02088094-Afghan_hound
387,./Crop_img/n02088094_3596.jpg,n02088094-Afghan_hound
388,./Crop_img/n02088094_1007.jpg,n02088094-Afghan_hound
389,./Crop_img/n02088094_4586.jpg,n02088094-Afghan_hound
390,./Crop_img/n02088094_7131.jpg,n02088094-Afghan_hound
391,./Crop_img/n02088094_6035.jpg,n02088094-Afghan_hound
392,./Crop_img/n02088094_3920.jpg,n02088094-Afghan_hound
393,./Crop_img/n02088094_12364.jpg,n02088094-Afghan_hound
394,./Crop_img/n02088094_1479.jpg,n02088094-Afghan_hound
395,./Crop_img/n02088094_6690.jpg,n02088094-Afghan_hound
396,./Crop_img/n02088094_11182.jpg,n02088094-Afghan_hound
397,./Crop_img/n02088094_3582.jpg,n02088094-Afghan_hound
398,./Crop_img/n02088094_6493.jpg,n02088094-Afghan_hound
399,./Crop_img/n02088094_227.jpg,n02088094-Afghan_hound
400,./Crop_img/n02088094_688.jpg,n02088094-Afghan_hound
401,./Crop_img/n02088094_3989.jpg,n02088094-Afghan_hound
402,./Crop_img/n02088094_11570.jpg,n02088094-Afghan_hound
403,./Crop_img/n02088094_482.jpg,n02088094-Afghan_hound
404,./Crop_img/n02088094_11584.jpg,n02088094-Afghan_hound
405,./Crop_img/n02088094_5413.jpg,n02088094-Afghan_hound
406,./Crop_img/n02088094_3374.jpg,n02088094-Afghan_hound
407,./Crop_img/n02088094_1611.jpg,n02088094-Afghan_hound
408,./Crop_img/n02088094_1618.jpg,n02088094-Afghan_hound
409,./Crop_img/n02088094_4352.jpg,n02088094-Afghan_hound
410,./Crop_img/n02088094_1829.jpg,n02088094-Afghan_hound
411,./Crop_img/n02088094_272.jpg,n02088094-Afghan_hound
412,./Crop_img/n02088094_10263.jpg,n02088094-Afghan_hound
413,./Crop_img/n02088094_2458.jpg,n02088094-Afghan_hound
414,./Crop_img/n02088094_875.jpg,n02088094-Afghan_hound
415,./Crop_img/n02088094_1023.jpg,n02088094-Afghan_hound
416,./Crop_img/n02088094_4307.jpg,n02088094-Afghan_hound
417,./Crop_img/n02088094_4195.jpg,n02088094-Afghan_hound
418,./Crop_img/n02088094_7146.jpg,n02088094-Afghan_hound
419,./Crop_img/n02088094_3944.jpg,n02088094-Afghan_hound
420,./Crop_img/n02088094_4396.jpg,n02088094-Afghan_hound
421,./Crop_img/n02088094_5244.jpg,n02088094-Afghan_hound
422,./Crop_img/n02088094_1301.jpg,n02088094-Afghan_hound
423,./Crop_img/n02088094_13502.jpg,n02088094-Afghan_hound
424,./Crop_img/n02088094_3836.jpg,n02088094-Afghan_hound
425,./Crop_img/n02088094_1592.jpg,n02088094-Afghan_hound
426,./Crop_img/n02088094_4219.jpg,n02088094-Afghan_hound
427,./Crop_img/n02088094_11432.jpg,n02088094-Afghan_hound
428,./Crop_img/n02088094_907.jpg,n02088094-Afghan_hound
429,./Crop_img/n02088094_7636.jpg,n02088094-Afghan_hound
430,./Crop_img/n02088094_13907.jpg,n02088094-Afghan_hound
431,./Crop_img/n02088094_3057.jpg,n02088094-Afghan_hound
432,./Crop_img/n02088094_4049.jpg,n02088094-Afghan_hound
433,./Crop_img/n02088094_5150.jpg,n02088094-Afghan_hound
434,./Crop_img/n02088094_3059.jpg,n02088094-Afghan_hound
435,./Crop_img/n02088094_13909.jpg,n02088094-Afghan_hound
436,./Crop_img/n02088094_1167.jpg,n02088094-Afghan_hound
437,./Crop_img/n02088094_3630.jpg,n02088094-Afghan_hound
438,./Crop_img/n02088094_3653.jpg,n02088094-Afghan_hound
439,./Crop_img/n02088094_1907.jpg,n02088094-Afghan_hound
440,./Crop_img/n02088094_26.jpg,n02088094-Afghan_hound
441,./Crop_img/n02088094_9197.jpg,n02088094-Afghan_hound
442,./Crop_img/n02088094_5939.jpg,n02088094-Afghan_hound
443,./Crop_img/n02088094_3201.jpg,n02088094-Afghan_hound
444,./Crop_img/n02088094_5559.jpg,n02088094-Afghan_hound
445,./Crop_img/n02088094_8682.jpg,n02088094-Afghan_hound
446,./Crop_img/n02088094_791.jpg,n02088094-Afghan_hound
447,./Crop_img/n02088094_908.jpg,n02088094-Afghan_hound
448,./Crop_img/n02088094_3252.jpg,n02088094-Afghan_hound
449,./Crop_img/n02088094_2522.jpg,n02088094-Afghan_hound
450,./Crop_img/n02088094_6372.jpg,n02088094-Afghan_hound
451,./Crop_img/n02088094_5355.jpg,n02088094-Afghan_hound
452,./Crop_img/n02088094_2726.jpg,n02088094-Afghan_hound
453,./Crop_img/n02088094_5504.jpg,n02088094-Afghan_hound
454,./Crop_img/n02088094_1534.jpg,n02088094-Afghan_hound
455,./Crop_img/n02088094_3051.jpg,n02088094-Afghan_hound
456,./Crop_img/n02088094_1150.jpg,n02088094-Afghan_hound
457,./Crop_img/n02112018_1705.jpg,n02112018-Pomeranian
458,./Crop_img/n02112018_9791.jpg,n02112018-Pomeranian
459,./Crop_img/n02112018_290.jpg,n02112018-Pomeranian
460,./Crop_img/n02112018_863.jpg,n02112018-Pomeranian
461,./Crop_img/n02112018_3090.jpg,n02112018-Pomeranian
462,./Crop_img/n02112018_5367.jpg,n02112018-Pomeranian
463,./Crop_img/n02112018_3064.jpg,n02112018-Pomeranian
464,./Crop_img/n02112018_3867.jpg,n02112018-Pomeranian
465,./Crop_img/n02112018_9753.jpg,n02112018-Pomeranian
466,./Crop_img/n02112018_3097.jpg,n02112018-Pomeranian
467,./Crop_img/n02112018_6121.jpg,n02112018-Pomeranian
468,./Crop_img/n02112018_3666.jpg,n02112018-Pomeranian
469,./Crop_img/n02112018_2782.jpg,n02112018-Pomeranian
470,./Crop_img/n02112018_6110.jpg,n02112018-Pomeranian
471,./Crop_img/n02112018_4815.jpg,n02112018-Pomeranian
472,./Crop_img/n02112018_653.jpg,n02112018-Pomeranian
473,./Crop_img/n02112018_5554.jpg,n02112018-Pomeranian
474,./Crop_img/n02112018_11641.jpg,n02112018-Pomeranian
475,./Crop_img/n02112018_13581.jpg,n02112018-Pomeranian
476,./Crop_img/n02112018_5961.jpg,n02112018-Pomeranian
477,./Crop_img/n02112018_5959.jpg,n02112018-Pomeranian
478,./Crop_img/n02112018_5165.jpg,n02112018-Pomeranian
479,./Crop_img/n02112018_4840.jpg,n02112018-Pomeranian
480,./Crop_img/n02112018_6129.jpg,n02112018-Pomeranian
481,./Crop_img/n02112018_494.jpg,n02112018-Pomeranian
482,./Crop_img/n02112018_2314.jpg,n02112018-Pomeranian
483,./Crop_img/n02112018_3464.jpg,n02112018-Pomeranian
484,./Crop_img/n02112018_4813.jpg,n02112018-Pomeranian
485,./Crop_img/n02112018_14394.jpg,n02112018-Pomeranian
486,./Crop_img/n02112018_7802.jpg,n02112018-Pomeranian
487,./Crop_img/n02112018_3203.jpg,n02112018-Pomeranian
488,./Crop_img/n02112018_12586.jpg,n02112018-Pomeranian
489,./Crop_img/n02112018_7341.jpg,n02112018-Pomeranian
490,./Crop_img/n02112018_5427.jpg,n02112018-Pomeranian
491,./Crop_img/n02112018_5840.jpg,n02112018-Pomeranian
492,./Crop_img/n02112018_8161.jpg,n02112018-Pomeranian
493,./Crop_img/n02112018_5814.jpg,n02112018-Pomeranian
494,./Crop_img/n02112018_3126.jpg,n02112018-Pomeranian
495,./Crop_img/n02112018_541.jpg,n02112018-Pomeranian
496,./Crop_img/n02112018_919.jpg,n02112018-Pomeranian
497,./Crop_img/n02112018_1486.jpg,n02112018-Pomeranian
498,./Crop_img/n02112018_7127.jpg,n02112018-Pomeranian
499,./Crop_img/n02112018_12519.jpg,n02112018-Pomeranian
500,./Crop_img/n02112018_4597.jpg,n02112018-Pomeranian
501,./Crop_img/n02112018_4958.jpg,n02112018-Pomeranian
502,./Crop_img/n02112018_5089.jpg,n02112018-Pomeranian
503,./Crop_img/n02112018_514.jpg,n02112018-Pomeranian
504,./Crop_img/n02112018_1612.jpg,n02112018-Pomeranian
505,./Crop_img/n02112018_6098.jpg,n02112018-Pomeranian
506,./Crop_img/n02112018_5812.jpg,n02112018-Pomeranian
507,./Crop_img/n02112018_6832.jpg,n02112018-Pomeranian
508,./Crop_img/n02112018_4554.jpg,n02112018-Pomeranian
509,./Crop_img/n02112018_12953.jpg,n02112018-Pomeranian
510,./Crop_img/n02112018_554.jpg,n02112018-Pomeranian
511,./Crop_img/n02112018_5208.jpg,n02112018-Pomeranian
512,./Crop_img/n02112018_2811.jpg,n02112018-Pomeranian
513,./Crop_img/n02112018_7103.jpg,n02112018-Pomeranian
514,./Crop_img/n02112018_598.jpg,n02112018-Pomeranian
515,./Crop_img/n02112018_3133.jpg,n02112018-Pomeranian
516,./Crop_img/n02112018_2218.jpg,n02112018-Pomeranian
517,./Crop_img/n02112018_7157.jpg,n02112018-Pomeranian
518,./Crop_img/n02112018_4148.jpg,n02112018-Pomeranian
519,./Crop_img/n02112018_7953.jpg,n02112018-Pomeranian
520,./Crop_img/n02112018_3504.jpg,n02112018-Pomeranian
521,./Crop_img/n02112018_5864.jpg,n02112018-Pomeranian
522,./Crop_img/n02112018_3532.jpg,n02112018-Pomeranian
523,./Crop_img/n02112018_4373.jpg,n02112018-Pomeranian
524,./Crop_img/n02112018_5094.jpg,n02112018-Pomeranian
525,./Crop_img/n02112018_2483.jpg,n02112018-Pomeranian
526,./Crop_img/n02112018_5807.jpg,n02112018-Pomeranian
527,./Crop_img/n02112018_904.jpg,n02112018-Pomeranian
528,./Crop_img/n02112018_9861.jpg,n02112018-Pomeranian
529,./Crop_img/n02112018_6227.jpg,n02112018-Pomeranian
530,./Crop_img/n02112018_4928.jpg,n02112018-Pomeranian
531,./Crop_img/n02112018_5697.jpg,n02112018-Pomeranian
532,./Crop_img/n02112018_4583.jpg,n02112018-Pomeranian
533,./Crop_img/n02112018_1495.jpg,n02112018-Pomeranian
534,./Crop_img/n02112018_2821.jpg,n02112018-Pomeranian
535,./Crop_img/n02112018_14468.jpg,n02112018-Pomeranian
536,./Crop_img/n02112018_2288.jpg,n02112018-Pomeranian
537,./Crop_img/n02112018_7707.jpg,n02112018-Pomeranian
538,./Crop_img/n02112018_3737.jpg,n02112018-Pomeranian
539,./Crop_img/n02112018_5317.jpg,n02112018-Pomeranian
540,./Crop_img/n02112018_2790.jpg,n02112018-Pomeranian
541,./Crop_img/n02112018_1929.jpg,n02112018-Pomeranian
542,./Crop_img/n02112018_2931.jpg,n02112018-Pomeranian
543,./Crop_img/n02112018_4456.jpg,n02112018-Pomeranian
544,./Crop_img/n02112018_9376.jpg,n02112018-Pomeranian
545,./Crop_img/n02112018_2336.jpg,n02112018-Pomeranian
546,./Crop_img/n02112018_4035.jpg,n02112018-Pomeranian
547,./Crop_img/n02112018_1389.jpg,n02112018-Pomeranian
548,./Crop_img/n02112018_4639.jpg,n02112018-Pomeranian
549,./Crop_img/n02112018_7880.jpg,n02112018-Pomeranian
550,./Crop_img/n02112018_1146.jpg,n02112018-Pomeranian
551,./Crop_img/n02112018_4296.jpg,n02112018-Pomeranian
552,./Crop_img/n02112018_1380.jpg,n02112018-Pomeranian
553,./Crop_img/n02112018_13930.jpg,n02112018-Pomeranian
554,./Crop_img/n02112018_612.jpg,n02112018-Pomeranian
555,./Crop_img/n02112018_276.jpg,n02112018-Pomeranian
556,./Crop_img/n02112018_2991.jpg,n02112018-Pomeranian
557,./Crop_img/n02112018_5515.jpg,n02112018-Pomeranian
558,./Crop_img/n02112018_249.jpg,n02112018-Pomeranian
559,./Crop_img/n02112018_4206.jpg,n02112018-Pomeranian
560,./Crop_img/n02112018_1317.jpg,n02112018-Pomeranian
561,./Crop_img/n02112018_1577.jpg,n02112018-Pomeranian
562,./Crop_img/n02112018_5540.jpg,n02112018-Pomeranian
563,./Crop_img/n02112018_1584.jpg,n02112018-Pomeranian
564,./Crop_img/n02112018_5329.jpg,n02112018-Pomeranian
565,./Crop_img/n02112018_6159.jpg,n02112018-Pomeranian
566,./Crop_img/n02112018_877.jpg,n02112018-Pomeranian
567,./Crop_img/n02112018_883.jpg,n02112018-Pomeranian
568,./Crop_img/n02112018_8246.jpg,n02112018-Pomeranian
569,./Crop_img/n02112018_12405.jpg,n02112018-Pomeranian
570,./Crop_img/n02112018_5330.jpg,n02112018-Pomeranian
571,./Crop_img/n02112018_1556.jpg,n02112018-Pomeranian
572,./Crop_img/n02112018_3033.jpg,n02112018-Pomeranian
573,./Crop_img/n02112018_692.jpg,n02112018-Pomeranian
574,./Crop_img/n02112018_10158.jpg,n02112018-Pomeranian
575,./Crop_img/n02112018_7460.jpg,n02112018-Pomeranian
576,./Crop_img/n02112018_6319.jpg,n02112018-Pomeranian
577,./Crop_img/n02112018_12853.jpg,n02112018-Pomeranian
578,./Crop_img/n02112018_2786.jpg,n02112018-Pomeranian
579,./Crop_img/n02112018_6113.jpg,n02112018-Pomeranian
580,./Crop_img/n02112018_4644.jpg,n02112018-Pomeranian
581,./Crop_img/n02112018_869.jpg,n02112018-Pomeranian
582,./Crop_img/n02112018_12493.jpg,n02112018-Pomeranian
583,./Crop_img/n02112018_1954.jpg,n02112018-Pomeranian
584,./Crop_img/n02112018_436.jpg,n02112018-Pomeranian
585,./Crop_img/n02112018_2380.jpg,n02112018-Pomeranian
586,./Crop_img/n02112018_4245.jpg,n02112018-Pomeranian
587,./Crop_img/n02112018_6182.jpg,n02112018-Pomeranian
588,./Crop_img/n02112018_6149.jpg,n02112018-Pomeranian
589,./Crop_img/n02112018_5738.jpg,n02112018-Pomeranian
590,./Crop_img/n02112018_5700.jpg,n02112018-Pomeranian
591,./Crop_img/n02112018_10937.jpg,n02112018-Pomeranian
592,./Crop_img/n02112018_2728.jpg,n02112018-Pomeranian
593,./Crop_img/n02112018_5936.jpg,n02112018-Pomeranian
594,./Crop_img/n02112018_11071.jpg,n02112018-Pomeranian
595,./Crop_img/n02112018_1561.jpg,n02112018-Pomeranian
596,./Crop_img/n02112018_3494.jpg,n02112018-Pomeranian
597,./Crop_img/n02112018_651.jpg,n02112018-Pomeranian
598,./Crop_img/n02112018_1339.jpg,n02112018-Pomeranian
599,./Crop_img/n02112018_5560.jpg,n02112018-Pomeranian
600,./Crop_img/n02112018_4243.jpg,n02112018-Pomeranian
601,./Crop_img/n02112018_1158.jpg,n02112018-Pomeranian
602,./Crop_img/n02112018_2711.jpg,n02112018-Pomeranian
603,./Crop_img/n02112018_10309.jpg,n02112018-Pomeranian
604,./Crop_img/n02112018_13600.jpg,n02112018-Pomeranian
605,./Crop_img/n02112018_2699.jpg,n02112018-Pomeranian
606,./Crop_img/n02112018_4936.jpg,n02112018-Pomeranian
607,./Crop_img/n02112018_10243.jpg,n02112018-Pomeranian
608,./Crop_img/n02112018_12513.jpg,n02112018-Pomeranian
609,./Crop_img/n02112018_6201.jpg,n02112018-Pomeranian
610,./Crop_img/n02112018_6208.jpg,n02112018-Pomeranian
611,./Crop_img/n02112018_2207.jpg,n02112018-Pomeranian
612,./Crop_img/n02112018_13636.jpg,n02112018-Pomeranian
613,./Crop_img/n02112018_3917.jpg,n02112018-Pomeranian
614,./Crop_img/n02112018_1816.jpg,n02112018-Pomeranian
615,./Crop_img/n02112018_3742.jpg,n02112018-Pomeranian
616,./Crop_img/n02112018_2896.jpg,n02112018-Pomeranian
617,./Crop_img/n02112018_13691.jpg,n02112018-Pomeranian
618,./Crop_img/n02112018_5888.jpg,n02112018-Pomeranian
619,./Crop_img/n02112018_14482.jpg,n02112018-Pomeranian
620,./Crop_img/n02112018_1621.jpg,n02112018-Pomeranian
621,./Crop_img/n02112018_9028.jpg,n02112018-Pomeranian
622,./Crop_img/n02112018_2691.jpg,n02112018-Pomeranian
623,./Crop_img/n02112018_8351.jpg,n02112018-Pomeranian
624,./Crop_img/n02112018_5482.jpg,n02112018-Pomeranian
625,./Crop_img/n02112018_725.jpg,n02112018-Pomeranian
626,./Crop_img/n02112018_11105.jpg,n02112018-Pomeranian
627,./Crop_img/n02112018_1611.jpg,n02112018-Pomeranian
628,./Crop_img/n02112018_11557.jpg,n02112018-Pomeranian
629,./Crop_img/n02112018_2255.jpg,n02112018-Pomeranian
630,./Crop_img/n02112018_2846.jpg,n02112018-Pomeranian
631,./Crop_img/n02112018_2277.jpg,n02112018-Pomeranian
632,./Crop_img/n02112018_2614.jpg,n02112018-Pomeranian
633,./Crop_img/n02112018_5860.jpg,n02112018-Pomeranian
634,./Crop_img/n02112018_4586.jpg,n02112018-Pomeranian
635,./Crop_img/n02112018_7552.jpg,n02112018-Pomeranian
636,./Crop_img/n02112018_1463.jpg,n02112018-Pomeranian
637,./Crop_img/n02112018_14257.jpg,n02112018-Pomeranian
638,./Crop_img/n02112018_6214.jpg,n02112018-Pomeranian
639,./Crop_img/n02112018_3302.jpg,n02112018-Pomeranian
640,./Crop_img/n02112018_9263.jpg,n02112018-Pomeranian
641,./Crop_img/n02112018_150.jpg,n02112018-Pomeranian
642,./Crop_img/n02112018_8745.jpg,n02112018-Pomeranian
643,./Crop_img/n02112018_12750.jpg,n02112018-Pomeranian
644,./Crop_img/n02112018_5091.jpg,n02112018-Pomeranian
645,./Crop_img/n02112018_12137.jpg,n02112018-Pomeranian
646,./Crop_img/n02112018_161.jpg,n02112018-Pomeranian
647,./Crop_img/n02112018_2271.jpg,n02112018-Pomeranian
648,./Crop_img/n02112018_1090.jpg,n02112018-Pomeranian
649,./Crop_img/n02112018_354.jpg,n02112018-Pomeranian
650,./Crop_img/n02112018_3539.jpg,n02112018-Pomeranian
651,./Crop_img/n02112018_6676.jpg,n02112018-Pomeranian
652,./Crop_img/n02112018_3599.jpg,n02112018-Pomeranian
653,./Crop_img/n02112018_1659.jpg,n02112018-Pomeranian
654,./Crop_img/n02112018_1462.jpg,n02112018-Pomeranian
655,./Crop_img/n02112018_336.jpg,n02112018-Pomeranian
656,./Crop_img/n02112018_938.jpg,n02112018-Pomeranian
657,./Crop_img/n02112018_12020.jpg,n02112018-Pomeranian
658,./Crop_img/n02112018_6190.jpg,n02112018-Pomeranian
659,./Crop_img/n02112018_2154.jpg,n02112018-Pomeranian
660,./Crop_img/n02112018_5349.jpg,n02112018-Pomeranian
661,./Crop_img/n02112018_627.jpg,n02112018-Pomeranian
662,./Crop_img/n02112018_3427.jpg,n02112018-Pomeranian
663,./Crop_img/n02112018_1348.jpg,n02112018-Pomeranian
664,./Crop_img/n02112018_888.jpg,n02112018-Pomeranian
665,./Crop_img/n02112018_9926.jpg,n02112018-Pomeranian
666,./Crop_img/n02112018_687.jpg,n02112018-Pomeranian
667,./Crop_img/n02112018_2590.jpg,n02112018-Pomeranian
668,./Crop_img/n02112018_10129.jpg,n02112018-Pomeranian
669,./Crop_img/n02112018_1518.jpg,n02112018-Pomeranian
670,./Crop_img/n02112018_11233.jpg,n02112018-Pomeranian
671,./Crop_img/n02112018_10174.jpg,n02112018-Pomeranian
672,./Crop_img/n02112018_5778.jpg,n02112018-Pomeranian
673,./Crop_img/n02112018_1325.jpg,n02112018-Pomeranian
674,./Crop_img/n02112018_7019.jpg,n02112018-Pomeranian
675,./Crop_img/n02112018_3812.jpg,n02112018-Pomeranian
676,./Crop_img/n02096177_181.jpg,n02096177-cairn
677,./Crop_img/n02096177_3476.jpg,n02096177-cairn
678,./Crop_img/n02096177_9528.jpg,n02096177-cairn
679,./Crop_img/n02096177_4801.jpg,n02096177-cairn
680,./Crop_img/n02096177_11780.jpg,n02096177-cairn
681,./Crop_img/n02096177_143.jpg,n02096177-cairn
682,./Crop_img/n02096177_1171.jpg,n02096177-cairn
683,./Crop_img/n02096177_1344.jpg,n02096177-cairn
684,./Crop_img/n02096177_580.jpg,n02096177-cairn
685,./Crop_img/n02096177_1524.jpg,n02096177-cairn
686,./Crop_img/n02096177_1988.jpg,n02096177-cairn
687,./Crop_img/n02096177_12103.jpg,n02096177-cairn
688,./Crop_img/n02096177_10698.jpg,n02096177-cairn
689,./Crop_img/n02096177_11547.jpg,n02096177-cairn
690,./Crop_img/n02096177_2560.jpg,n02096177-cairn
691,./Crop_img/n02096177_1123.jpg,n02096177-cairn
692,./Crop_img/n02096177_1710.jpg,n02096177-cairn
693,./Crop_img/n02096177_10093.jpg,n02096177-cairn
694,./Crop_img/n02096177_6700.jpg,n02096177-cairn
695,./Crop_img/n02096177_5147.jpg,n02096177-cairn
696,./Crop_img/n02096177_7617.jpg,n02096177-cairn
697,./Crop_img/n02096177_2687.jpg,n02096177-cairn
698,./Crop_img/n02096177_1450.jpg,n02096177-cairn
699,./Crop_img/n02096177_6083.jpg,n02096177-cairn
700,./Crop_img/n02096177_1255.jpg,n02096177-cairn
701,./Crop_img/n02096177_3534.jpg,n02096177-cairn
702,./Crop_img/n02096177_1432.jpg,n02096177-cairn
703,./Crop_img/n02096177_8173.jpg,n02096177-cairn
704,./Crop_img/n02096177_1207.jpg,n02096177-cairn
705,./Crop_img/n02096177_13306.jpg,n02096177-cairn
706,./Crop_img/n02096177_430.jpg,n02096177-cairn
707,./Crop_img/n02096177_5206.jpg,n02096177-cairn
708,./Crop_img/n02096177_4916.jpg,n02096177-cairn
709,./Crop_img/n02096177_5255.jpg,n02096177-cairn
710,./Crop_img/n02096177_2414.jpg,n02096177-cairn
711,./Crop_img/n02096177_1434.jpg,n02096177-cairn
712,./Crop_img/n02096177_8324.jpg,n02096177-cairn
713,./Crop_img/n02096177_7701.jpg,n02096177-cairn
714,./Crop_img/n02096177_2842.jpg,n02096177-cairn
715,./Crop_img/n02096177_1405.jpg,n02096177-cairn
716,./Crop_img/n02096177_10959.jpg,n02096177-cairn
717,./Crop_img/n02096177_2400.jpg,n02096177-cairn
718,./Crop_img/n02096177_5279.jpg,n02096177-cairn
719,./Crop_img/n02096177_680.jpg,n02096177-cairn
720,./Crop_img/n02096177_1420.jpg,n02096177-cairn
721,./Crop_img/n02096177_470.jpg,n02096177-cairn
722,./Crop_img/n02096177_13341.jpg,n02096177-cairn
723,./Crop_img/n02096177_91.jpg,n02096177-cairn
724,./Crop_img/n02096177_3180.jpg,n02096177-cairn
725,./Crop_img/n02096177_2650.jpg,n02096177-cairn
726,./Crop_img/n02096177_2006.jpg,n02096177-cairn
727,./Crop_img/n02096177_7574.jpg,n02096177-cairn
728,./Crop_img/n02096177_424.jpg,n02096177-cairn
729,./Crop_img/n02096177_2695.jpg,n02096177-cairn
730,./Crop_img/n02096177_244.jpg,n02096177-cairn
731,./Crop_img/n02096177_9880.jpg,n02096177-cairn
732,./Crop_img/n02096177_4902.jpg,n02096177-cairn
733,./Crop_img/n02096177_4768.jpg,n02096177-cairn
734,./Crop_img/n02096177_627.jpg,n02096177-cairn
735,./Crop_img/n02096177_9014.jpg,n02096177-cairn
736,./Crop_img/n02096177_11883.jpg,n02096177-cairn
737,./Crop_img/n02096177_4734.jpg,n02096177-cairn
738,./Crop_img/n02096177_1870.jpg,n02096177-cairn
739,./Crop_img/n02096177_218.jpg,n02096177-cairn
740,./Crop_img/n02096177_99.jpg,n02096177-cairn
741,./Crop_img/n02096177_4154.jpg,n02096177-cairn
742,./Crop_img/n02096177_2203.jpg,n02096177-cairn
743,./Crop_img/n02096177_11224.jpg,n02096177-cairn
744,./Crop_img/n02096177_10333.jpg,n02096177-cairn
745,./Crop_img/n02096177_5225.jpg,n02096177-cairn
746,./Crop_img/n02096177_2463.jpg,n02096177-cairn
747,./Crop_img/n02096177_2007.jpg,n02096177-cairn
748,./Crop_img/n02096177_2982.jpg,n02096177-cairn
749,./Crop_img/n02096177_8014.jpg,n02096177-cairn
750,./Crop_img/n02096177_4420.jpg,n02096177-cairn
751,./Crop_img/n02096177_133.jpg,n02096177-cairn
752,./Crop_img/n02096177_4043.jpg,n02096177-cairn
753,./Crop_img/n02096177_308.jpg,n02096177-cairn
754,./Crop_img/n02096177_1732.jpg,n02096177-cairn
755,./Crop_img/n02096177_2143.jpg,n02096177-cairn
756,./Crop_img/n02096177_1766.jpg,n02096177-cairn
757,./Crop_img/n02096177_3203.jpg,n02096177-cairn
758,./Crop_img/n02096177_6127.jpg,n02096177-cairn
759,./Crop_img/n02096177_4825.jpg,n02096177-cairn
760,./Crop_img/n02096177_2913.jpg,n02096177-cairn
761,./Crop_img/n02096177_9365.jpg,n02096177-cairn
762,./Crop_img/n02096177_9708.jpg,n02096177-cairn
763,./Crop_img/n02096177_1596.jpg,n02096177-cairn
764,./Crop_img/n02096177_2383.jpg,n02096177-cairn
765,./Crop_img/n02096177_790.jpg,n02096177-cairn
766,./Crop_img/n02096177_1335.jpg,n02096177-cairn
767,./Crop_img/n02096177_3650.jpg,n02096177-cairn
768,./Crop_img/n02096177_737.jpg,n02096177-cairn
769,./Crop_img/n02096177_2127.jpg,n02096177-cairn
770,./Crop_img/n02096177_362.jpg,n02096177-cairn
771,./Crop_img/n02096177_3.jpg,n02096177-cairn
772,./Crop_img/n02096177_1767.jpg,n02096177-cairn
773,./Crop_img/n02096177_4.jpg,n02096177-cairn
774,./Crop_img/n02096177_12360.jpg,n02096177-cairn
775,./Crop_img/n02096177_9585.jpg,n02096177-cairn
776,./Crop_img/n02096177_2703.jpg,n02096177-cairn
777,./Crop_img/n02096177_1516.jpg,n02096177-cairn
778,./Crop_img/n02096177_579.jpg,n02096177-cairn
779,./Crop_img/n02096177_12507.jpg,n02096177-cairn
780,./Crop_img/n02096177_1385.jpg,n02096177-cairn
781,./Crop_img/n02096177_2958.jpg,n02096177-cairn
782,./Crop_img/n02096177_1518.jpg,n02096177-cairn
783,./Crop_img/n02096177_6769.jpg,n02096177-cairn
784,./Crop_img/n02096177_515.jpg,n02096177-cairn
785,./Crop_img/n02096177_3224.jpg,n02096177-cairn
786,./Crop_img/n02096177_5785.jpg,n02096177-cairn
787,./Crop_img/n02096177_10031.jpg,n02096177-cairn
788,./Crop_img/n02096177_718.jpg,n02096177-cairn
789,./Crop_img/n02096177_512.jpg,n02096177-cairn
790,./Crop_img/n02096177_1913.jpg,n02096177-cairn
791,./Crop_img/n02096177_2553.jpg,n02096177-cairn
792,./Crop_img/n02096177_3475.jpg,n02096177-cairn
793,./Crop_img/n02096177_6751.jpg,n02096177-cairn
794,./Crop_img/n02096177_1589.jpg,n02096177-cairn
795,./Crop_img/n02096177_729.jpg,n02096177-cairn
796,./Crop_img/n02096177_6555.jpg,n02096177-cairn
797,./Crop_img/n02096177_1748.jpg,n02096177-cairn
798,./Crop_img/n02096177_1713.jpg,n02096177-cairn
799,./Crop_img/n02096177_1946.jpg,n02096177-cairn
800,./Crop_img/n02096177_7877.jpg,n02096177-cairn
801,./Crop_img/n02096177_571.jpg,n02096177-cairn
802,./Crop_img/n02096177_911.jpg,n02096177-cairn
803,./Crop_img/n02096177_5117.jpg,n02096177-cairn
804,./Crop_img/n02096177_9727.jpg,n02096177-cairn
805,./Crop_img/n02096177_2935.jpg,n02096177-cairn
806,./Crop_img/n02096177_170.jpg,n02096177-cairn
807,./Crop_img/n02096177_342.jpg,n02096177-cairn
808,./Crop_img/n02096177_4520.jpg,n02096177-cairn
809,./Crop_img/n02096177_4382.jpg,n02096177-cairn
810,./Crop_img/n02096177_12882.jpg,n02096177-cairn
811,./Crop_img/n02096177_9630.jpg,n02096177-cairn
812,./Crop_img/n02096177_4587.jpg,n02096177-cairn
813,./Crop_img/n02096177_1659.jpg,n02096177-cairn
814,./Crop_img/n02096177_8975.jpg,n02096177-cairn
815,./Crop_img/n02096177_11605.jpg,n02096177-cairn
816,./Crop_img/n02096177_11295.jpg,n02096177-cairn
817,./Crop_img/n02096177_207.jpg,n02096177-cairn
818,./Crop_img/n02096177_13155.jpg,n02096177-cairn
819,./Crop_img/n02096177_9034.jpg,n02096177-cairn
820,./Crop_img/n02096177_9208.jpg,n02096177-cairn
821,./Crop_img/n02096177_1667.jpg,n02096177-cairn
822,./Crop_img/n02096177_606.jpg,n02096177-cairn
823,./Crop_img/n02096177_1000.jpg,n02096177-cairn
824,./Crop_img/n02096177_1464.jpg,n02096177-cairn
825,./Crop_img/n02096177_2020.jpg,n02096177-cairn
826,./Crop_img/n02096177_3316.jpg,n02096177-cairn
827,./Crop_img/n02096177_11642.jpg,n02096177-cairn
828,./Crop_img/n02096177_2897.jpg,n02096177-cairn
829,./Crop_img/n02096177_6298.jpg,n02096177-cairn
830,./Crop_img/n02096177_679.jpg,n02096177-cairn
831,./Crop_img/n02096177_5274.jpg,n02096177-cairn
832,./Crop_img/n02096177_2263.jpg,n02096177-cairn
833,./Crop_img/n02096177_11415.jpg,n02096177-cairn
834,./Crop_img/n02096177_1220.jpg,n02096177-cairn
835,./Crop_img/n02096177_11012.jpg,n02096177-cairn
836,./Crop_img/n02096177_622.jpg,n02096177-cairn
837,./Crop_img/n02096177_13114.jpg,n02096177-cairn
838,./Crop_img/n02096177_417.jpg,n02096177-cairn
839,./Crop_img/n02096177_13328.jpg,n02096177-cairn
840,./Crop_img/n02096177_2854.jpg,n02096177-cairn
841,./Crop_img/n02096177_7717.jpg,n02096177-cairn
842,./Crop_img/n02096177_475.jpg,n02096177-cairn
843,./Crop_img/n02096177_223.jpg,n02096177-cairn
844,./Crop_img/n02096177_4505.jpg,n02096177-cairn
845,./Crop_img/n02096177_3729.jpg,n02096177-cairn
846,./Crop_img/n02096177_1889.jpg,n02096177-cairn
847,./Crop_img/n02096177_2095.jpg,n02096177-cairn
848,./Crop_img/n02096177_2061.jpg,n02096177-cairn
849,./Crop_img/n02096177_152.jpg,n02096177-cairn
850,./Crop_img/n02096177_2917.jpg,n02096177-cairn
851,./Crop_img/n02096177_13460.jpg,n02096177-cairn
852,./Crop_img/n02096177_960.jpg,n02096177-cairn
853,./Crop_img/n02096177_164.jpg,n02096177-cairn
854,./Crop_img/n02096177_130.jpg,n02096177-cairn
855,./Crop_img/n02096177_1390.jpg,n02096177-cairn
856,./Crop_img/n02096177_2343.jpg,n02096177-cairn
857,./Crop_img/n02096177_10414.jpg,n02096177-cairn
858,./Crop_img/n02096177_2149.jpg,n02096177-cairn
859,./Crop_img/n02096177_4611.jpg,n02096177-cairn
860,./Crop_img/n02096177_3434.jpg,n02096177-cairn
861,./Crop_img/n02096177_1503.jpg,n02096177-cairn
862,./Crop_img/n02096177_5150.jpg,n02096177-cairn
863,./Crop_img/n02096177_4082.jpg,n02096177-cairn
864,./Crop_img/n02096177_12929.jpg,n02096177-cairn
865,./Crop_img/n02096177_2788.jpg,n02096177-cairn
866,./Crop_img/n02096177_1569.jpg,n02096177-cairn
867,./Crop_img/n02096177_10483.jpg,n02096177-cairn
868,./Crop_img/n02096177_11135.jpg,n02096177-cairn
869,./Crop_img/n02096177_11706.jpg,n02096177-cairn
870,./Crop_img/n02096177_1362.jpg,n02096177-cairn
871,./Crop_img/n02096177_4610.jpg,n02096177-cairn
872,./Crop_img/n02096177_599.jpg,n02096177-cairn
